CaseID,User,Movie,Comment
1,User1,Movie1,Too long
1,User1,Movie3,Too long
1,User2,Movie6,Would watch again
1,User2,Movie1,Amazing story
1,User2,Movie5,Loved it!
1,User3,Movie2,Loved it!
1,User3,Movie6,I enjoyed it
1,User4,Movie2,Would watch again
1,User4,Movie4,Overrated
1,User4,Movie3,Great acting
1,User4,Movie1,Fantastic visuals
1,User4,Movie5,I enjoyed it
1,User5,Movie1,Mind-blowing
1,User5,Movie6,Mind-blowing
1,User5,Movie4,Great acting
1,User5,Movie5,Amazing story
1,User6,Movie5,Mind-blowing
1,User6,Movie1,I enjoyed it
1,User6,Movie4,Not my type
1,User6,Movie6,Amazing story
1,User6,Movie2,Too long
2,User1,Movie1,Great acting
2,User1,Movie2,Not worth it
2,User1,Movie6,Mind-blowing
2,User1,Movie5,Boring plot
2,User2,Movie3,Not my type
2,User2,Movie2,Boring plot
2,User2,Movie6,Too long
2,User2,Movie4,Boring plot
2,User3,Movie4,Amazing story
2,User3,Movie3,Too long
2,User3,Movie2,Amazing story
2,User3,Movie5,Overrated
2,User3,Movie6,Interesting concept
2,User4,Movie1,Super fun
2,User4,Movie2,Interesting concept
2,User4,Movie3,Not worth it
2,User4,Movie6,Fantastic visuals
2,User5,Movie2,Would watch again
2,User5,Movie6,Interesting concept
2,User5,Movie3,Mind-blowing
2,User5,Movie4,Too long
2,User6,Movie5,Amazing story
2,User6,Movie4,Could be better
2,User6,Movie1,Fantastic visuals
3,User1,Movie6,Interesting concept
3,User1,Movie4,Interesting concept
3,User1,Movie1,Not worth it
3,User2,Movie5,Great acting
3,User2,Movie1,Overrated
3,User2,Movie6,Could be better
3,User2,Movie3,Highly recommend
3,User3,Movie2,Boring plot
3,User3,Movie4,Could be better
3,User3,Movie1,Highly recommend
3,User3,Movie3,I enjoyed it
3,User3,Movie6,Fantastic visuals
3,User4,Movie2,Overrated
3,User4,Movie5,Super fun
3,User4,Movie1,Loved it!
3,User4,Movie3,Could be better
3,User5,Movie3,Not my type
3,User5,Movie2,Not my type
3,User5,Movie1,Super fun
3,User5,Movie4,Not my type
3,User6,Movie2,Great acting
3,User6,Movie4,Would watch again
3,User6,Movie6,I enjoyed it
4,User1,Movie6,Mind-blowing
4,User1,Movie3,Not worth it
4,User1,Movie4,Not worth it
4,User2,Movie2,Not my type
4,User2,Movie6,Overrated
4,User3,Movie5,Too long
4,User3,Movie6,Too long
4,User4,Movie1,Too long
4,User4,Movie6,Not my type
4,User5,Movie3,Too long
4,User5,Movie1,Great acting
4,User6,Movie2,Too long
4,User6,Movie5,Super fun
4,User6,Movie6,Would watch again
4,User6,Movie3,I enjoyed it
4,User6,Movie4,Could be better
5,User1,Movie6,Mind-blowing
5,User1,Movie4,Would watch again
5,User2,Movie4,Overrated
5,User2,Movie1,Could be better
5,User2,Movie5,Too long
5,User2,Movie6,I enjoyed it
5,User2,Movie2,I enjoyed it
5,User3,Movie2,Too long
5,User3,Movie4,Not my type
5,User3,Movie6,Not worth it
5,User3,Movie5,Could be better
5,User3,Movie3,Amazing story
5,User4,Movie1,Boring plot
5,User4,Movie2,Would watch again
5,User5,Movie4,Interesting concept
5,User5,Movie2,Loved it!
5,User5,Movie6,Interesting concept
5,User5,Movie1,Great acting
5,User5,Movie3,Not worth it
5,User6,Movie4,I enjoyed it
5,User6,Movie5,Highly recommend
5,User6,Movie6,I enjoyed it
5,User6,Movie1,Amazing story
6,User1,Movie6,Amazing story
6,User1,Movie3,Amazing story
6,User2,Movie5,Boring plot
6,User2,Movie6,Not my type
6,User2,Movie2,Not my type
6,User2,Movie1,Too long
6,User2,Movie3,Interesting concept
6,User3,Movie5,Amazing story
6,User3,Movie2,Not my type
6,User4,Movie6,Overrated
6,User4,Movie5,Too long
6,User4,Movie3,Great acting
6,User4,Movie2,Interesting concept
6,User4,Movie1,Fantastic visuals
6,User5,Movie4,Not worth it
6,User5,Movie3,Could be better
6,User5,Movie1,Not my type
6,User5,Movie6,I enjoyed it
6,User6,Movie2,Mind-blowing
6,User6,Movie3,Highly recommend
6,User6,Movie1,Boring plot
6,User6,Movie4,Not worth it
7,User1,Movie5,Highly recommend
7,User1,Movie6,Could be better
7,User1,Movie1,Fantastic visuals
7,User1,Movie3,Great acting
7,User2,Movie1,Fantastic visuals
7,User2,Movie5,Great acting
7,User3,Movie5,Great acting
7,User3,Movie2,Super fun
7,User3,Movie3,Great acting
7,User3,Movie1,Amazing story
7,User4,Movie6,Great acting
7,User4,Movie4,Amazing story
7,User5,Movie3,Great acting
7,User5,Movie2,Boring plot
7,User6,Movie5,Fantastic visuals
7,User6,Movie4,Amazing story
7,User6,Movie1,Mind-blowing
7,User6,Movie6,Fantastic visuals
7,User6,Movie3,Would watch again
8,User1,Movie1,Amazing story
8,User1,Movie3,Mind-blowing
8,User1,Movie5,I enjoyed it
8,User2,Movie6,Would watch again
8,User2,Movie1,Fantastic visuals
8,User2,Movie3,Too long
8,User3,Movie2,Boring plot
8,User3,Movie4,Overrated
8,User3,Movie1,Would watch again
8,User4,Movie3,Interesting concept
8,User4,Movie2,Amazing story
8,User4,Movie1,Super fun
8,User5,Movie2,Highly recommend
8,User5,Movie4,Too long
8,User5,Movie3,Too long
8,User6,Movie6,Interesting concept
8,User6,Movie2,Overrated
9,User1,Movie1,Interesting concept
9,User1,Movie3,Overrated
9,User1,Movie5,Loved it!
9,User1,Movie4,Could be better
9,User2,Movie2,Could be better
9,User2,Movie5,Would watch again
9,User2,Movie3,Mind-blowing
9,User2,Movie1,Overrated
9,User3,Movie5,Great acting
9,User3,Movie6,Amazing story
9,User3,Movie1,Would watch again
9,User3,Movie2,Loved it!
9,User3,Movie4,I enjoyed it
9,User4,Movie4,Overrated
9,User4,Movie1,Could be better
9,User4,Movie3,Highly recommend
9,User4,Movie6,Highly recommend
9,User5,Movie3,I enjoyed it
9,User5,Movie4,Would watch again
9,User5,Movie6,Interesting concept
9,User5,Movie5,Boring plot
9,User5,Movie1,Highly recommend
9,User6,Movie5,Would watch again
9,User6,Movie1,Overrated
9,User6,Movie3,Not worth it
9,User6,Movie2,Not worth it
9,User6,Movie6,Not worth it
10,User1,Movie5,Not my type
10,User1,Movie4,Highly recommend
10,User1,Movie2,Overrated
10,User2,Movie2,Too long
10,User2,Movie3,I enjoyed it
10,User3,Movie1,Super fun
10,User3,Movie6,Not my type
10,User3,Movie2,Not worth it
10,User4,Movie6,Super fun
10,User4,Movie5,Interesting concept
10,User4,Movie2,Too long
10,User4,Movie3,Fantastic visuals
10,User4,Movie4,Loved it!
10,User5,Movie4,Boring plot
10,User5,Movie2,Not worth it
10,User6,Movie5,Could be better
10,User6,Movie2,Not worth it
11,User1,Movie4,Not worth it
11,User1,Movie5,Would watch again
11,User1,Movie3,Not worth it
11,User2,Movie6,Great acting
11,User2,Movie4,Too long
11,User2,Movie5,Great acting
11,User3,Movie6,Highly recommend
11,User3,Movie2,Too long
11,User3,Movie3,Great acting
11,User3,Movie5,Overrated
11,User3,Movie1,Overrated
11,User4,Movie2,Too long
11,User4,Movie6,Interesting concept
11,User5,Movie6,Would watch again
11,User5,Movie2,Would watch again
11,User5,Movie1,Overrated
11,User6,Movie4,Loved it!
11,User6,Movie1,Interesting concept
11,User6,Movie2,Super fun
11,User6,Movie6,Loved it!
11,User6,Movie3,Mind-blowing
12,User1,Movie4,Too long
12,User1,Movie6,Great acting
12,User1,Movie2,Would watch again
12,User1,Movie5,Super fun
12,User2,Movie4,Interesting concept
12,User2,Movie3,Boring plot
12,User3,Movie2,Not my type
12,User3,Movie5,Would watch again
12,User3,Movie1,Fantastic visuals
12,User3,Movie6,Not worth it
12,User3,Movie4,Boring plot
12,User4,Movie3,Overrated
12,User4,Movie4,I enjoyed it
12,User5,Movie3,Great acting
12,User5,Movie6,Not my type
12,User5,Movie4,Super fun
12,User5,Movie2,Loved it!
12,User5,Movie5,Amazing story
12,User6,Movie2,Too long
12,User6,Movie1,I enjoyed it
12,User6,Movie5,Loved it!
12,User6,Movie4,Fantastic visuals
13,User1,Movie2,I enjoyed it
13,User1,Movie4,Not worth it
13,User1,Movie1,Great acting
13,User2,Movie2,Highly recommend
13,User2,Movie5,Could be better
13,User2,Movie1,Loved it!
13,User2,Movie4,Highly recommend
13,User3,Movie4,Could be better
13,User3,Movie2,Highly recommend
13,User3,Movie1,Could be better
13,User3,Movie3,Amazing story
13,User3,Movie6,Mind-blowing
13,User4,Movie6,Loved it!
13,User4,Movie3,Would watch again
13,User4,Movie1,Super fun
13,User4,Movie5,Could be better
13,User4,Movie2,Would watch again
13,User5,Movie6,Boring plot
13,User5,Movie4,Great acting
13,User5,Movie2,Super fun
13,User5,Movie5,Not worth it
13,User6,Movie6,Not my type
13,User6,Movie5,Great acting
13,User6,Movie3,Not worth it
13,User6,Movie2,Too long
13,User6,Movie1,Not worth it
14,User1,Movie3,Super fun
14,User1,Movie1,I enjoyed it
14,User1,Movie4,Mind-blowing
14,User1,Movie2,Great acting
14,User1,Movie5,Overrated
14,User2,Movie5,I enjoyed it
14,User2,Movie3,Not my type
14,User2,Movie1,Too long
14,User2,Movie6,Would watch again
14,User3,Movie5,Not worth it
14,User3,Movie2,Loved it!
14,User3,Movie4,Not my type
14,User3,Movie3,Highly recommend
14,User3,Movie6,Too long
14,User4,Movie6,Super fun
14,User4,Movie2,Mind-blowing
14,User4,Movie3,Would watch again
14,User4,Movie4,Overrated
14,User4,Movie5,Mind-blowing
14,User5,Movie3,I enjoyed it
14,User5,Movie6,Overrated
14,User5,Movie5,Could be better
14,User5,Movie1,Boring plot
14,User5,Movie4,I enjoyed it
14,User6,Movie6,Highly recommend
14,User6,Movie4,Could be better
14,User6,Movie3,I enjoyed it
15,User1,Movie2,Loved it!
15,User1,Movie3,Fantastic visuals
15,User1,Movie6,Great acting
15,User1,Movie4,Amazing story
15,User2,Movie5,Fantastic visuals
15,User2,Movie3,Super fun
15,User3,Movie1,Highly recommend
15,User3,Movie5,Super fun
15,User4,Movie4,Super fun
15,User4,Movie3,Could be better
15,User4,Movie2,Not my type
15,User4,Movie1,Interesting concept
15,User4,Movie6,Super fun
15,User5,Movie5,Fantastic visuals
15,User5,Movie1,Fantastic visuals
15,User6,Movie1,Would watch again
15,User6,Movie2,Too long
15,User6,Movie6,Interesting concept
15,User6,Movie3,Not worth it
16,User1,Movie3,Could be better
16,User1,Movie5,I enjoyed it
16,User1,Movie4,I enjoyed it
16,User1,Movie2,Great acting
16,User1,Movie1,Not my type
16,User2,Movie2,Boring plot
16,User2,Movie6,Loved it!
16,User2,Movie1,Would watch again
16,User3,Movie6,Too long
16,User3,Movie5,Highly recommend
16,User3,Movie4,Highly recommend
16,User3,Movie2,Not worth it
16,User3,Movie1,Not my type
16,User4,Movie3,Would watch again
16,User4,Movie5,Could be better
16,User4,Movie2,Too long
16,User5,Movie3,Amazing story
16,User5,Movie2,Boring plot
16,User5,Movie1,Highly recommend
16,User6,Movie4,Highly recommend
16,User6,Movie1,Interesting concept
16,User6,Movie6,Great acting
16,User6,Movie3,Super fun
17,User1,Movie1,Great acting
17,User1,Movie5,Loved it!
17,User1,Movie6,Not my type
17,User1,Movie2,Too long
17,User1,Movie3,Loved it!
17,User2,Movie5,Not worth it
17,User2,Movie1,Great acting
17,User2,Movie2,Boring plot
17,User2,Movie4,Would watch again
17,User3,Movie1,Overrated
17,User3,Movie4,Could be better
17,User3,Movie3,Boring plot
17,User3,Movie2,Overrated
17,User3,Movie5,Would watch again
17,User4,Movie3,Overrated
17,User4,Movie4,Great acting
17,User4,Movie1,Overrated
17,User4,Movie2,Could be better
17,User4,Movie5,Interesting concept
17,User5,Movie6,Not worth it
17,User5,Movie5,Would watch again
17,User6,Movie2,Mind-blowing
17,User6,Movie5,Super fun
18,User1,Movie1,Highly recommend
18,User1,Movie2,Not worth it
18,User1,Movie3,Super fun
18,User1,Movie4,Could be better
18,User1,Movie6,Loved it!
18,User2,Movie6,Loved it!
18,User2,Movie2,Would watch again
18,User2,Movie3,Not my type
18,User3,Movie1,Fantastic visuals
18,User3,Movie4,Super fun
18,User3,Movie6,Highly recommend
18,User4,Movie4,Not worth it
18,User4,Movie6,Fantastic visuals
18,User4,Movie5,Interesting concept
18,User4,Movie1,I enjoyed it
18,User5,Movie1,Overrated
18,User5,Movie3,Great acting
18,User5,Movie4,Loved it!
18,User6,Movie6,Not worth it
18,User6,Movie3,Super fun
18,User6,Movie4,Mind-blowing
18,User6,Movie1,Overrated
19,User1,Movie4,Interesting concept
19,User1,Movie3,Too long
19,User1,Movie2,Would watch again
19,User1,Movie5,Amazing story
19,User1,Movie1,Overrated
19,User2,Movie6,Super fun
19,User2,Movie4,Amazing story
19,User2,Movie5,Fantastic visuals
19,User2,Movie3,Overrated
19,User2,Movie1,Could be better
19,User3,Movie1,Would watch again
19,User3,Movie5,Fantastic visuals
19,User3,Movie4,Not my type
19,User3,Movie6,Super fun
19,User3,Movie3,Great acting
19,User4,Movie5,Interesting concept
19,User4,Movie4,Overrated
19,User4,Movie1,Super fun
19,User4,Movie2,Amazing story
19,User5,Movie2,Too long
19,User5,Movie3,Not my type
19,User6,Movie1,Loved it!
19,User6,Movie6,Amazing story
19,User6,Movie4,Overrated
19,User6,Movie5,Amazing story
19,User6,Movie2,Highly recommend
20,User1,Movie3,Would watch again
20,User1,Movie4,Boring plot
20,User1,Movie2,Boring plot
20,User1,Movie1,Boring plot
20,User2,Movie5,Too long
20,User2,Movie4,Super fun
20,User3,Movie2,Not worth it
20,User3,Movie4,Great acting
20,User3,Movie3,Loved it!
20,User4,Movie3,Mind-blowing
20,User4,Movie5,Highly recommend
20,User4,Movie2,Would watch again
20,User4,Movie1,Great acting
20,User4,Movie4,Not worth it
20,User5,Movie2,Too long
20,User5,Movie4,Interesting concept
20,User5,Movie5,Mind-blowing
20,User5,Movie1,Highly recommend
20,User6,Movie1,Amazing story
20,User6,Movie4,Super fun
20,User6,Movie3,Highly recommend
20,User6,Movie6,Too long
21,User1,Movie2,Fantastic visuals
21,User1,Movie6,Could be better
21,User1,Movie3,Amazing story
21,User1,Movie4,Highly recommend
21,User2,Movie1,Not my type
21,User2,Movie5,Highly recommend
21,User2,Movie3,Overrated
21,User2,Movie4,Would watch again
21,User2,Movie6,Boring plot
21,User3,Movie2,Great acting
21,User3,Movie5,Boring plot
21,User3,Movie3,Great acting
21,User4,Movie3,Fantastic visuals
21,User4,Movie6,Too long
21,User4,Movie1,Interesting concept
21,User4,Movie2,Mind-blowing
21,User4,Movie4,Not my type
21,User5,Movie1,Great acting
21,User5,Movie3,Interesting concept
21,User5,Movie6,Mind-blowing
21,User5,Movie2,Could be better
21,User5,Movie5,Too long
21,User6,Movie1,Not my type
21,User6,Movie5,Not worth it
21,User6,Movie3,Highly recommend
21,User6,Movie4,Would watch again
21,User6,Movie6,Could be better
22,User1,Movie1,Super fun
22,User1,Movie6,Could be better
22,User1,Movie3,Could be better
22,User2,Movie5,Not worth it
22,User2,Movie2,Mind-blowing
22,User2,Movie4,Would watch again
22,User3,Movie4,Would watch again
22,User3,Movie1,Great acting
22,User3,Movie6,Amazing story
22,User4,Movie2,Mind-blowing
22,User4,Movie4,Could be better
22,User4,Movie5,Mind-blowing
22,User4,Movie1,Mind-blowing
22,User5,Movie4,I enjoyed it
22,User5,Movie3,Could be better
22,User6,Movie1,Too long
22,User6,Movie2,Fantastic visuals
22,User6,Movie6,I enjoyed it
22,User6,Movie4,Not my type
22,User6,Movie5,I enjoyed it
23,User1,Movie2,Loved it!
23,User1,Movie3,Great acting
23,User1,Movie6,Fantastic visuals
23,User2,Movie5,Could be better
23,User2,Movie3,Loved it!
23,User2,Movie2,Fantastic visuals
23,User3,Movie3,Overrated
23,User3,Movie2,Loved it!
23,User4,Movie3,Would watch again
23,User4,Movie1,Could be better
23,User4,Movie2,Not my type
23,User5,Movie4,Amazing story
23,User5,Movie3,Highly recommend
23,User5,Movie1,Not worth it
23,User5,Movie2,Loved it!
23,User5,Movie6,Amazing story
23,User6,Movie4,Not my type
23,User6,Movie6,Not my type
23,User6,Movie1,Overrated
23,User6,Movie2,Fantastic visuals
23,User6,Movie3,Not my type
24,User1,Movie3,Interesting concept
24,User1,Movie5,Highly recommend
24,User1,Movie6,Not worth it
24,User2,Movie1,Too long
24,User2,Movie6,Would watch again
24,User2,Movie2,Overrated
24,User2,Movie4,Not worth it
24,User2,Movie3,Interesting concept
24,User3,Movie6,Great acting
24,User3,Movie1,Mind-blowing
24,User3,Movie3,Fantastic visuals
24,User3,Movie2,Super fun
24,User3,Movie4,Not my type
24,User4,Movie1,Would watch again
24,User4,Movie6,Could be better
24,User5,Movie2,Overrated
24,User5,Movie5,Could be better
24,User5,Movie1,Would watch again
24,User5,Movie3,Mind-blowing
24,User6,Movie6,Mind-blowing
24,User6,Movie1,Could be better
24,User6,Movie3,I enjoyed it
24,User6,Movie4,Fantastic visuals
24,User6,Movie2,Super fun
25,User1,Movie1,Could be better
25,User1,Movie3,Great acting
25,User1,Movie5,Too long
25,User2,Movie5,Loved it!
25,User2,Movie6,Boring plot
25,User2,Movie1,Great acting
25,User2,Movie3,Highly recommend
25,User2,Movie2,Overrated
25,User3,Movie1,Interesting concept
25,User3,Movie2,Not my type
25,User3,Movie5,Fantastic visuals
25,User3,Movie3,Loved it!
25,User4,Movie6,I enjoyed it
25,User4,Movie5,Interesting concept
25,User5,Movie4,Overrated
25,User5,Movie3,Not my type
25,User5,Movie2,Amazing story
25,User5,Movie6,Fantastic visuals
25,User5,Movie5,Boring plot
25,User6,Movie6,Great acting
25,User6,Movie1,Not worth it
26,User1,Movie4,I enjoyed it
26,User1,Movie5,Could be better
26,User1,Movie6,Mind-blowing
26,User1,Movie2,Would watch again
26,User1,Movie3,Could be better
26,User2,Movie6,Highly recommend
26,User2,Movie5,Amazing story
26,User2,Movie4,Too long
26,User2,Movie3,Interesting concept
26,User3,Movie1,Highly recommend
26,User3,Movie2,I enjoyed it
26,User4,Movie3,Could be better
26,User4,Movie6,Loved it!
26,User4,Movie5,Super fun
26,User5,Movie2,Mind-blowing
26,User5,Movie6,Not my type
26,User5,Movie4,Interesting concept
26,User5,Movie3,Amazing story
26,User5,Movie1,Would watch again
26,User6,Movie4,Overrated
26,User6,Movie1,Would watch again
27,User1,Movie6,Loved it!
27,User1,Movie4,Overrated
27,User1,Movie3,Boring plot
27,User1,Movie1,Not worth it
27,User1,Movie2,Mind-blowing
27,User2,Movie4,Too long
27,User2,Movie1,Would watch again
27,User3,Movie5,Too long
27,User3,Movie1,Overrated
27,User3,Movie4,Boring plot
27,User3,Movie2,Not my type
27,User3,Movie3,Could be better
27,User4,Movie3,Too long
27,User4,Movie6,Could be better
27,User4,Movie2,Fantastic visuals
27,User5,Movie2,Not my type
27,User5,Movie6,Boring plot
27,User5,Movie5,Super fun
27,User5,Movie3,Not worth it
27,User6,Movie6,Fantastic visuals
27,User6,Movie5,Not worth it
27,User6,Movie3,Not my type
27,User6,Movie4,Super fun
27,User6,Movie2,Not worth it
28,User1,Movie3,Not my type
28,User1,Movie5,Highly recommend
28,User1,Movie1,Not worth it
28,User1,Movie2,Not worth it
28,User2,Movie1,Highly recommend
28,User2,Movie3,Not my type
28,User3,Movie5,Interesting concept
28,User3,Movie6,Not worth it
28,User4,Movie4,I enjoyed it
28,User4,Movie5,Overrated
28,User5,Movie5,Overrated
28,User5,Movie2,Not my type
28,User5,Movie1,Boring plot
28,User5,Movie6,Amazing story
28,User5,Movie4,Too long
28,User6,Movie4,Highly recommend
28,User6,Movie5,Interesting concept
28,User6,Movie2,Would watch again
28,User6,Movie6,Overrated
28,User6,Movie3,Amazing story
29,User1,Movie1,Interesting concept
29,User1,Movie3,Highly recommend
29,User1,Movie6,Great acting
29,User1,Movie5,Fantastic visuals
29,User2,Movie1,Highly recommend
29,User2,Movie5,Interesting concept
29,User2,Movie2,Fantastic visuals
29,User2,Movie4,Not my type
29,User3,Movie5,Not my type
29,User3,Movie4,Would watch again
29,User3,Movie3,Mind-blowing
29,User3,Movie1,Loved it!
29,User4,Movie3,Super fun
29,User4,Movie2,I enjoyed it
29,User4,Movie5,Too long
29,User4,Movie4,Fantastic visuals
29,User5,Movie1,Amazing story
29,User5,Movie3,Overrated
29,User5,Movie6,Fantastic visuals
29,User6,Movie2,Not worth it
29,User6,Movie6,Amazing story
29,User6,Movie5,Would watch again
29,User6,Movie3,Mind-blowing
29,User6,Movie1,Too long
30,User1,Movie5,Highly recommend
30,User1,Movie3,Super fun
30,User1,Movie4,I enjoyed it
30,User1,Movie1,Mind-blowing
30,User1,Movie6,Not worth it
30,User2,Movie3,Fantastic visuals
30,User2,Movie4,Great acting
30,User2,Movie5,Amazing story
30,User2,Movie1,Super fun
30,User2,Movie6,Mind-blowing
30,User3,Movie6,Could be better
30,User3,Movie5,Highly recommend
30,User4,Movie2,Not worth it
30,User4,Movie3,Fantastic visuals
30,User5,Movie1,Would watch again
30,User5,Movie2,Amazing story
30,User5,Movie4,Interesting concept
30,User5,Movie5,Mind-blowing
30,User5,Movie6,Too long
30,User6,Movie1,Could be better
30,User6,Movie3,Overrated
30,User6,Movie2,Fantastic visuals
30,User6,Movie6,Fantastic visuals
30,User6,Movie4,Amazing story
