User,Movie,Rating,Comment
User1,Movie16,1,Fell short of expectations the storyline was engaging. I felt it was overrated.
User1,Movie5,1,Exceeded my expectations the ending was unexpected. I wasn't impressed.
User1,Movie9,3,Not my favorite the plot was predictable. It was a delightful watch.
User1,Movie1,5,Fell short of expectations the pacing was slow at times. Could have been better.
User1,Movie4,1,I really enjoyed it kept me on the edge of my seat. I wouldn't watch it again.
User1,Movie12,4,Would watch again the humor was spot on. It was a delightful watch.
User1,Movie14,5,Exceeded my expectations it kept me on the edge of my seat. I can't stop talking about it.
User2,Movie16,1,A masterpiece the humor was spot on. Could have been better.
User2,Movie6,2,Would watch again it kept me on the edge of my seat. I would recommend it.
User2,Movie8,3,I was disappointed by the acting was superb. I felt it was overrated.
User2,Movie19,4,Not my favorite the characters were well-developed. A must-watch for everyone.
User2,Movie13,1,Could have been better the soundtrack was fantastic. I can't stop talking about it.
User2,Movie20,4,Would watch again the plot was predictable. I can't stop talking about it.
User2,Movie17,2,I really enjoyed the soundtrack was fantastic. I wasn't impressed.
User2,Movie15,2,I was disappointed by it kept me on the edge of my seat. I would recommend it.
User2,Movie12,4,A masterpiece the characters were well-developed. I can't stop talking about it.
User2,Movie11,3,I really enjoyed the acting was superb. I would recommend it.
User2,Movie9,4,Not my favorite the visuals were stunning. It left me thinking.
User2,Movie10,3,A masterpiece it kept me on the edge of my seat. I can't stop talking about it.
User2,Movie1,3,Would watch again the ending was unexpected. I felt it was overrated.
User2,Movie14,4,Fell short of expectations the humor was spot on. Could have been better.
User2,Movie7,4,I really enjoyed the ending was unexpected. I wasn't impressed.
User3,Movie17,5,Could have been better the pacing was slow at times. Definitely worth seeing.
User3,Movie10,3,I really enjoyed it kept me on the edge of my seat. A must-watch for everyone.
User3,Movie12,4,Exceeded my expectations the storyline was engaging. It left me thinking.
User3,Movie3,3,Would watch again it kept me on the edge of my seat. It was a delightful watch.
User3,Movie18,5,Not my favorite the ending was unexpected. It left me thinking.
User3,Movie9,2,Would watch again it kept me on the edge of my seat. I can't stop talking about it.
User3,Movie11,5,A masterpiece the acting was superb. Could have been better.
User4,Movie1,1,I was disappointed by it kept me on the edge of my seat. I wasn't impressed.
User4,Movie13,2,Would watch again the soundtrack was fantastic. I would recommend it.
User4,Movie19,3,An amazing experience the humor was spot on. Definitely worth seeing.
User4,Movie7,5,I was disappointed by the humor was spot on. It left me thinking.
User4,Movie9,2,Fell short of expectations the pacing was slow at times. I wouldn't watch it again.
User4,Movie17,3,A masterpiece it kept me on the edge of my seat. I wouldn't watch it again.
User4,Movie2,5,An amazing experience the plot was predictable. I felt it was overrated.
User4,Movie11,1,Would watch again the characters were well-developed. I would recommend it.
User4,Movie15,3,A masterpiece the humor was spot on. I would recommend it.
User4,Movie16,1,Could have been better the humor was spot on. I felt it was overrated.
User4,Movie4,2,Exceeded my expectations the humor was spot on. I can't stop talking about it.
User5,Movie15,5,Fell short of expectations the visuals were stunning. I wasn't impressed.
User5,Movie3,5,I was disappointed by the pacing was slow at times. A must-watch for everyone.
User5,Movie16,2,Absolutely loved the soundtrack was fantastic. I wouldn't watch it again.
User5,Movie13,3,A masterpiece the soundtrack was fantastic. I wouldn't watch it again.
User5,Movie20,2,I was disappointed by the ending was unexpected. I wasn't impressed.
User5,Movie19,1,I really enjoyed the characters were well-developed. I can't stop talking about it.
User5,Movie17,1,An amazing experience the soundtrack was fantastic. I wouldn't watch it again.
User5,Movie8,2,Fell short of expectations the soundtrack was fantastic. I felt it was overrated.
User5,Movie2,1,A masterpiece the storyline was engaging. I would recommend it.
User5,Movie4,2,An amazing experience the characters were well-developed. I would recommend it.
User5,Movie11,4,Could have been better the soundtrack was fantastic. I wouldn't watch it again.
User5,Movie7,3,Exceeded my expectations the visuals were stunning. I can't stop talking about it.
User5,Movie10,2,An amazing experience the ending was unexpected. I can't stop talking about it.
User6,Movie18,1,I really enjoyed it kept me on the edge of my seat. I wouldn't watch it again.
User6,Movie8,3,Not my favorite the humor was spot on. It was a delightful watch.
User6,Movie20,2,Not my favorite the visuals were stunning. Definitely worth seeing.
User6,Movie17,5,Absolutely loved the ending was unexpected. A must-watch for everyone.
User6,Movie15,1,I really enjoyed the characters were well-developed. Definitely worth seeing.
User6,Movie12,3,Exceeded my expectations it kept me on the edge of my seat. I wasn't impressed.
User6,Movie1,5,A masterpiece the storyline was engaging. It left me thinking.
User6,Movie10,2,Fell short of expectations it kept me on the edge of my seat. I would recommend it.
User6,Movie19,5,An amazing experience the acting was superb. Could have been better.
User6,Movie2,2,I was disappointed by the characters were well-developed. A must-watch for everyone.
User6,Movie7,2,Exceeded my expectations the characters were well-developed. It left me thinking.
User6,Movie6,1,Exceeded my expectations the humor was spot on. It left me thinking.
User6,Movie4,3,I was disappointed by the soundtrack was fantastic. Could have been better.
User6,Movie3,2,I really enjoyed the characters were well-developed. Definitely worth seeing.
User6,Movie16,5,Not my favorite the visuals were stunning. I wasn't impressed.
User7,Movie7,3,Fell short of expectations the acting was superb. A must-watch for everyone.
User7,Movie8,4,Would watch again the humor was spot on. I would recommend it.
User7,Movie5,2,Could have been better it kept me on the edge of my seat. It left me thinking.
User7,Movie19,3,A masterpiece the pacing was slow at times. I can't stop talking about it.
User7,Movie1,4,A masterpiece it kept me on the edge of my seat. I would recommend it.
User7,Movie11,3,An amazing experience the storyline was engaging. A must-watch for everyone.
User7,Movie17,1,I really enjoyed it kept me on the edge of my seat. Definitely worth seeing.
User7,Movie6,4,A masterpiece the storyline was engaging. I felt it was overrated.
User7,Movie18,3,An amazing experience the storyline was engaging. Definitely worth seeing.
User7,Movie2,3,Fell short of expectations the acting was superb. I can't stop talking about it.
User7,Movie16,4,Fell short of expectations the pacing was slow at times. It left me thinking.
User7,Movie14,2,I was disappointed by the pacing was slow at times. I can't stop talking about it.
User7,Movie4,3,Not my favorite the visuals were stunning. Could have been better.
User7,Movie10,3,Not my favorite the humor was spot on. It was a delightful watch.
User8,Movie1,3,I really enjoyed the acting was superb. Could have been better.
User8,Movie3,4,I really enjoyed the visuals were stunning. A must-watch for everyone.
User8,Movie12,1,Would watch again the humor was spot on. Could have been better.
User8,Movie2,1,Would watch again the characters were well-developed. I wasn't impressed.
User8,Movie16,5,Would watch again the plot was predictable. I wasn't impressed.
User8,Movie8,1,Exceeded my expectations the plot was predictable. A must-watch for everyone.
User8,Movie7,5,Fell short of expectations the plot was predictable. I wouldn't watch it again.
User8,Movie13,5,Could have been better the acting was superb. A must-watch for everyone.
User8,Movie9,4,Not my favorite the acting was superb. It was a delightful watch.
User8,Movie6,2,Would watch again the acting was superb. It was a delightful watch.
User8,Movie5,4,Not my favorite the plot was predictable. Could have been better.
User9,Movie7,1,Could have been better the plot was predictable. Could have been better.
User9,Movie17,1,Exceeded my expectations it kept me on the edge of my seat. I felt it was overrated.
User9,Movie13,3,Absolutely loved the humor was spot on. I can't stop talking about it.
User9,Movie2,2,I really enjoyed it kept me on the edge of my seat. I felt it was overrated.
User9,Movie14,2,Not my favorite the storyline was engaging. I can't stop talking about it.
User9,Movie18,2,Absolutely loved the visuals were stunning. It was a delightful watch.
User9,Movie20,5,Would watch again it kept me on the edge of my seat. Could have been better.
User9,Movie4,2,A masterpiece the ending was unexpected. Could have been better.
User9,Movie1,2,I was disappointed by the acting was superb. A must-watch for everyone.
User9,Movie10,2,I was disappointed by the ending was unexpected. I would recommend it.
User9,Movie5,1,Absolutely loved it kept me on the edge of my seat. I wasn't impressed.
User9,Movie15,4,I was disappointed by the acting was superb. Could have been better.
User9,Movie16,3,An amazing experience the characters were well-developed. I felt it was overrated.
User9,Movie6,4,A masterpiece the pacing was slow at times. A must-watch for everyone.
User9,Movie9,3,Could have been better the plot was predictable. A must-watch for everyone.
User10,Movie1,5,Exceeded my expectations it kept me on the edge of my seat. I would recommend it.
User10,Movie14,2,I was disappointed by the storyline was engaging. A must-watch for everyone.
User10,Movie11,2,I was disappointed by the visuals were stunning. Could have been better.
User10,Movie19,3,Absolutely loved the soundtrack was fantastic. A must-watch for everyone.
User10,Movie13,1,Exceeded my expectations the pacing was slow at times. It was a delightful watch.
